{"cameraMode":{"drawMode":0,"name":"Shaded","section":"Shading Mode"},"sceneLighting":false,"audioPlay":false,"sceneViewState":{"m_AlwaysRefresh":false,"showFog":false,"showSkybox":false,"showFlares":false,"showImageEffects":false,"showParticleSystems":false,"showVisualEffectGraphs":true,"m_FxEnabled":false},"in2DMode":false,"pivot":{"x":-0.08964166045188904,"y":0.9185344576835632,"z":0.18922209739685059},"rotation":{"x":0.016076669096946718,"y":-0.9813553094863892,"z":0.16643637418746949,"w":0.09479433298110962},"size":1.1194212436676026,"orthographic":false}